pen-scored,season,competition,club,date,home-team,final-result,away-team,minute,score-before-pk,goal-keeper,goal-keeper-link
1,22/23,Saudi Pro League,Al-Nassr FC,"Apr 4, 2023",Al-Adalah FC,0:5,Al-Nassr FC,40',0:1,Milan Mijatovic,https://www.transfermarkt.us/milan-mijatovic/elfmeterstatistik/spieler/61297
1,22/23,European Qualifiers,Portugal,"Mar 23, 2023",Portugal,4:0,Liechtenstein,51',3:0,Benjamin Büchel,https://www.transfermarkt.us/benjamin-buchel/elfmeterstatistik/spieler/66708
1,22/23,Saudi Pro League,Al-Nassr FC,"Feb 25, 2023",Damac FC,0:3,Al-Nassr FC,18',0:1,Moustapha Zeghba,https://www.transfermarkt.us/moustapha-zeghba/elfmeterstatistik/spieler/233069
1,22/23,Saudi Pro League,Al-Nassr FC,"Feb 9, 2023",Al-Wehda FC,0:4,Al-Nassr FC,53',0:3,Abdulqaddous Attieh,https://www.transfermarkt.us/abdulqaddous-attieh/elfmeterstatistik/spieler/564006
1,22/23,Saudi Pro League,Al-Nassr FC,"Feb 3, 2023",Al-Fateh,2:2,Al-Nassr FC,90',2:2,Jacob Rinne,https://www.transfermarkt.us/jacob-rinne/elfmeterstatistik/spieler/210528
1,21/22,2022 World Cup,Portugal,"Nov 24, 2022",Portugal,3:2,Ghana,65',1:0,Lawrence Ati Zigi,https://www.transfermarkt.us/lawrence-ati-zigi/elfmeterstatistik/spieler/254285
1,22/23,Europa League,Manchester United,"Sep 15, 2022",FC Sheriff Tiraspol,0:2,Manchester United,39',0:2,Maksym Koval,https://www.transfermarkt.us/maksym-koval/elfmeterstatistik/spieler/120211
1,21/22,Premier League,Manchester United,"May 2, 2022",Manchester United,3:0,Brentford FC,61',2:0,David Raya,https://www.transfermarkt.us/david-raya/elfmeterstatistik/spieler/262749
1,21/22,Premier League,Manchester United,"Dec 11, 2021",Norwich City,0:1,Manchester United,75',0:1,Tim Krul,https://www.transfermarkt.us/tim-krul/elfmeterstatistik/spieler/33027
1,21/22,Premier League,Manchester United,"Dec 2, 2021",Manchester United,3:2,Arsenal FC,70',3:2,Aaron Ramsdale,https://www.transfermarkt.us/aaron-ramsdale/elfmeterstatistik/spieler/427568
1,20/21,World Cup qualification Europe,Portugal,"Oct 12, 2021",Portugal,5:0,Luxembourg,13',2:0,Anthony Moris,https://www.transfermarkt.us/anthony-moris/elfmeterstatistik/spieler/78570
1,20/21,World Cup qualification Europe,Portugal,"Oct 12, 2021",Portugal,5:0,Luxembourg,8',1:0,Anthony Moris,https://www.transfermarkt.us/anthony-moris/elfmeterstatistik/spieler/78570
1,20/21,EURO 2020,Portugal,"Jun 23, 2021",Portugal,2:2,France,60',2:2,Hugo Lloris,https://www.transfermarkt.us/hugo-lloris/elfmeterstatistik/spieler/17965
1,20/21,EURO 2020,Portugal,"Jun 23, 2021",Portugal,2:2,France,30',1:0,Hugo Lloris,https://www.transfermarkt.us/hugo-lloris/elfmeterstatistik/spieler/17965
1,20/21,EURO 2020,Portugal,"Jun 15, 2021",Hungary,0:3,Portugal,87',0:2,Péter Gulácsi,https://www.transfermarkt.us/peter-gulacsi/elfmeterstatistik/spieler/57071
1,20/21,Serie A,Juventus FC,"May 2, 2021",Udinese Calcio,1:2,Juventus FC,83',1:1,Simone Scuffet,https://www.transfermarkt.us/simone-scuffet/elfmeterstatistik/spieler/238993
1,20/21,Serie A,Juventus FC,"Mar 14, 2021",Cagliari Calcio,1:3,Juventus FC,25',0:2,Alessio Cragno,https://www.transfermarkt.us/alessio-cragno/elfmeterstatistik/spieler/12907
1,20/21,Italy Cup,Juventus FC,"Feb 2, 2021",Inter Milan,1:2,Juventus FC,26',1:1,Samir Handanovic,https://www.transfermarkt.us/samir-handanovic/elfmeterstatistik/spieler/28021
1,20/21,Serie A,Juventus FC,"Dec 13, 2020",Genoa CFC,1:3,Juventus FC,89',1:3,Mattia Perin,https://www.transfermarkt.us/mattia-perin/elfmeterstatistik/spieler/110923
1,20/21,Serie A,Juventus FC,"Dec 13, 2020",Genoa CFC,1:3,Juventus FC,78',1:2,Mattia Perin,https://www.transfermarkt.us/mattia-perin/elfmeterstatistik/spieler/110923
1,20/21,UEFA Champions League,Juventus FC,"Dec 8, 2020",FC Barcelona,0:3,Juventus FC,52',0:3,Marc-André ter Stegen,https://www.transfermarkt.us/marc-andre-ter-stegen/elfmeterstatistik/spieler/74857
1,20/21,UEFA Champions League,Juventus FC,"Dec 8, 2020",FC Barcelona,0:3,Juventus FC,13',0:1,Marc-André ter Stegen,https://www.transfermarkt.us/marc-andre-ter-stegen/elfmeterstatistik/spieler/74857
1,20/21,Serie A,Juventus FC,"Nov 1, 2020",Spezia Calcio,1:4,Juventus FC,76',1:4,Ivan Provedel,https://www.transfermarkt.us/ivan-provedel/elfmeterstatistik/spieler/197929
1,20/21,Serie A,Juventus FC,"Sep 27, 2020",AS Roma,2:2,Juventus FC,44',1:1,Antonio Mirante,https://www.transfermarkt.us/antonio-mirante/elfmeterstatistik/spieler/22141
1,19/20,UEFA Champions League,Juventus FC,"Aug 7, 2020",Juventus FC,2:1,Olympique Lyon,43',1:1,Anthony Lopes,https://www.transfermarkt.us/anthony-lopes/elfmeterstatistik/spieler/60561
1,19/20,Serie A,Juventus FC,"Jul 20, 2020",Juventus FC,2:1,SS Lazio,51',1:0,Thomas Strakosha,https://www.transfermarkt.us/thomas-strakosha/elfmeterstatistik/spieler/222209
1,19/20,Serie A,Juventus FC,"Jul 11, 2020",Juventus FC,2:2,Atalanta BC,90',2:2,Pierluigi Gollini,https://www.transfermarkt.us/pierluigi-gollini/elfmeterstatistik/spieler/244192
1,19/20,Serie A,Juventus FC,"Jul 11, 2020",Juventus FC,2:2,Atalanta BC,55',1:1,Pierluigi Gollini,https://www.transfermarkt.us/pierluigi-gollini/elfmeterstatistik/spieler/244192
1,19/20,Serie A,Juventus FC,"Jun 26, 2020",Juventus FC,4:0,US Lecce,62',2:0,Gabriel,https://www.transfermarkt.us/gabriel/elfmeterstatistik/spieler/79242
1,19/20,Serie A,Juventus FC,"Jun 22, 2020",Bologna FC 1909,0:2,Juventus FC,23',0:1,Lukasz Skorupski,https://www.transfermarkt.us/lukasz-skorupski/elfmeterstatistik/spieler/80894
1,19/20,Italy Cup,Juventus FC,"Feb 13, 2020",AC Milan,1:1,Juventus FC,90',1:1,Gianluigi Donnarumma,https://www.transfermarkt.us/gianluigi-donnarumma/elfmeterstatistik/spieler/315858
1,19/20,Serie A,Juventus FC,"Feb 2, 2020",Juventus FC,3:0,ACF Fiorentina,80',2:0,Bartlomiej Dragowski,https://www.transfermarkt.us/bartlomiej-dragowski/elfmeterstatistik/spieler/208166
1,19/20,Serie A,Juventus FC,"Feb 2, 2020",Juventus FC,3:0,ACF Fiorentina,40',1:0,Bartlomiej Dragowski,https://www.transfermarkt.us/bartlomiej-dragowski/elfmeterstatistik/spieler/208166
1,19/20,Serie A,Juventus FC,"Jan 12, 2020",AS Roma,1:2,Juventus FC,10',0:2,Pau López,https://www.transfermarkt.us/pau-lopez/elfmeterstatistik/spieler/286415
1,19/20,Serie A,Juventus FC,"Jan 6, 2020",Juventus FC,4:0,Cagliari Calcio,67',2:0,Robin Olsen,https://www.transfermarkt.us/robin-olsen/elfmeterstatistik/spieler/75458
1,19/20,Serie A,Juventus FC,"Dec 1, 2019",Juventus FC,2:2,US Sassuolo,68',2:2,Stefano Turati,https://www.transfermarkt.us/stefano-turati/elfmeterstatistik/spieler/543666
1,18/19,European Qualifiers,Portugal,"Nov 14, 2019",Portugal,6:0,Lithuania,7',1:0,Ernestas Setkus,https://www.transfermarkt.us/ernestas-setkus/elfmeterstatistik/spieler/147028
1,19/20,Serie A,Juventus FC,"Oct 30, 2019",Juventus FC,2:1,Genoa CFC,90',2:1,Ionut Radu,https://www.transfermarkt.us/ionut-radu/elfmeterstatistik/spieler/303657
1,18/19,European Qualifiers,Portugal,"Oct 14, 2019",Ukraine,2:1,Portugal,73',2:1,Andriy Pyatov,https://www.transfermarkt.us/andriy-pyatov/elfmeterstatistik/spieler/39996
1,19/20,Serie A,Juventus FC,"Sep 21, 2019",Juventus FC,2:1,Hellas Verona,49',2:1,Marco Silvestri,https://www.transfermarkt.us/marco-silvestri/elfmeterstatistik/spieler/85528
1,18/19,European Qualifiers,Portugal,"Sep 10, 2019",Lithuania,1:5,Portugal,7',0:1,Ernestas Setkus,https://www.transfermarkt.us/ernestas-setkus/elfmeterstatistik/spieler/147028
1,18/19,UEFA Champions League,Juventus FC,"Mar 12, 2019",Juventus FC,3:0,Atlético de Madrid,86',3:0,Jan Oblak,https://www.transfermarkt.us/jan-oblak/elfmeterstatistik/spieler/121483
1,18/19,Serie A,Juventus FC,"Jan 27, 2019",SS Lazio,1:2,Juventus FC,88',1:2,Thomas Strakosha,https://www.transfermarkt.us/thomas-strakosha/elfmeterstatistik/spieler/222209
1,18/19,Serie A,Juventus FC,"Dec 29, 2018",Juventus FC,2:1,UC Sampdoria,65',2:1,Emil Audero,https://www.transfermarkt.us/emil-audero/elfmeterstatistik/spieler/256339
1,18/19,Serie A,Juventus FC,"Dec 15, 2018",Torino FC,0:1,Juventus FC,70',0:1,Salvador Ichazo,https://www.transfermarkt.us/salvador-ichazo/elfmeterstatistik/spieler/131098
1,18/19,Serie A,Juventus FC,"Dec 1, 2018",ACF Fiorentina,0:3,Juventus FC,79',0:3,Alban Lafont,https://www.transfermarkt.us/alban-lafont/elfmeterstatistik/spieler/357117
1,18/19,Serie A,Juventus FC,"Oct 27, 2018",Empoli FC ,1:2,Juventus FC,54',1:1,Ivan Provedel,https://www.transfermarkt.us/ivan-provedel/elfmeterstatistik/spieler/197929
1,17/18,World Cup 2018,Portugal,"Jun 15, 2018",Portugal,3:3,Spain,4',1:0,David de Gea,https://www.transfermarkt.us/david-de-gea/elfmeterstatistik/spieler/59377
1,17/18,UEFA Champions League,Real Madrid,"Apr 11, 2018",Real Madrid,1:3,Juventus FC,90',1:3,Gianluigi Buffon,https://www.transfermarkt.us/gianluigi-buffon/elfmeterstatistik/spieler/5023
1,17/18,UEFA Champions League,Real Madrid,"Feb 14, 2018",Real Madrid,3:1,Paris Saint-Germain,45',1:1,Alphonse Areola,https://www.transfermarkt.us/alphonse-areola/elfmeterstatistik/spieler/120629
1,17/18,LaLiga,Real Madrid,"Jan 27, 2018",Valencia CF,1:4,Real Madrid,38',0:2,Neto,https://www.transfermarkt.us/neto/elfmeterstatistik/spieler/111819
1,17/18,LaLiga,Real Madrid,"Jan 27, 2018",Valencia CF,1:4,Real Madrid,16',0:1,Neto,https://www.transfermarkt.us/neto/elfmeterstatistik/spieler/111819
1,17/18,LaLiga,Real Madrid,"Dec 9, 2017",Real Madrid,5:0,Sevilla FC,31',3:0,Sergio Rico,https://www.transfermarkt.us/sergio-rico/elfmeterstatistik/spieler/207302
1,17/18,UEFA Champions League,Real Madrid,"Oct 17, 2017",Real Madrid,1:1,Tottenham Hotspur,43',1:1,Hugo Lloris,https://www.transfermarkt.us/hugo-lloris/elfmeterstatistik/spieler/17965
1,17/18,UEFA Champions League,Real Madrid,"Sep 13, 2017",Real Madrid,3:0,APOEL Nicosia,51',2:0,Boy Waterman,https://www.transfermarkt.us/boy-waterman/elfmeterstatistik/spieler/4391
1,16/17,World Cup qualification Europe,Portugal,"Aug 31, 2017",Portugal,5:1,Faroe Islands,29',2:0,Gunnar Nielsen,https://www.transfermarkt.us/gunnar-nielsen/elfmeterstatistik/spieler/23086
1,16/17,Confederations Cup 2017,Portugal,"Jun 24, 2017",New Zealand,0:4,Portugal,33',0:1,Stefan Marinovic,https://www.transfermarkt.us/stefan-marinovic/elfmeterstatistik/spieler/120619
1,16/17,LaLiga,Real Madrid,"Mar 1, 2017",Real Madrid,3:3,UD Las Palmas,86',2:3,Javi Varas,https://www.transfermarkt.us/javi-varas/elfmeterstatistik/spieler/58341
1,16/17,LaLiga,Real Madrid,"Feb 26, 2017",Villarreal CF,2:3,Real Madrid,74',2:2,Andrés Fernández,https://www.transfermarkt.us/andres-fernandez/elfmeterstatistik/spieler/57522
1,16/17,LaLiga,Real Madrid,"Jan 15, 2017",Sevilla FC,2:1,Real Madrid,67',0:1,Sergio Rico,https://www.transfermarkt.us/sergio-rico/elfmeterstatistik/spieler/207302
1,16/17,FIFA Club World Cup,Real Madrid,"Dec 18, 2016",Real Madrid,4:2,Kashima Antlers,60',2:2,Hitoshi Sogahata,https://www.transfermarkt.us/hitoshi-sogahata/elfmeterstatistik/spieler/27796
1,16/17,LaLiga,Real Madrid,"Nov 26, 2016",Real Madrid,2:1,Sporting Gijón,5',1:0,Diego Mariño,https://www.transfermarkt.us/diego-marino/elfmeterstatistik/spieler/59349
1,16/17,LaLiga,Real Madrid,"Nov 19, 2016",Atlético de Madrid,0:3,Real Madrid,71',0:2,Jan Oblak,https://www.transfermarkt.us/jan-oblak/elfmeterstatistik/spieler/121483
1,16/17,World Cup qualification Europe,Portugal,"Nov 13, 2016",Portugal,4:1,Latvia,28',1:0,Andris Vanins,https://www.transfermarkt.us/andris-vanins/elfmeterstatistik/spieler/15403
1,16/17,LaLiga,Real Madrid,"Oct 29, 2016",Deportivo Alavés,1:4,Real Madrid,17',1:1,Fernando Pacheco,https://www.transfermarkt.us/fernando-pacheco/elfmeterstatistik/spieler/172015
1,15/16,LaLiga,Real Madrid,"Mar 2, 2016",Levante UD,1:3,Real Madrid,34',0:1,Diego Mariño,https://www.transfermarkt.us/diego-marino/elfmeterstatistik/spieler/59349
1,15/16,LaLiga,Real Madrid,"Jan 31, 2016",Real Madrid,6:0,RCD Espanyol Barcelona,12',2:0,Giedrius Arlauskis,https://www.transfermarkt.us/giedrius-arlauskis/elfmeterstatistik/spieler/69001
1,15/16,LaLiga,Real Madrid,"Dec 30, 2015",Real Madrid,3:1,Real Sociedad,42',1:0,Gerónimo Rulli,https://www.transfermarkt.us/geronimo-rulli/elfmeterstatistik/spieler/229604
1,15/16,LaLiga,Real Madrid,"Dec 20, 2015",Real Madrid,10:2,Rayo Vallecano,30',3:2,Yoel Rodríguez,https://www.transfermarkt.us/yoel-rodriguez/elfmeterstatistik/spieler/58115
1,15/16,LaLiga,Real Madrid,"Nov 29, 2015",SD Eibar,0:2,Real Madrid,82',0:2,Asier Riesgo,https://www.transfermarkt.us/asier-riesgo/elfmeterstatistik/spieler/23338
1,15/16,UEFA Champions League,Real Madrid,"Sep 15, 2015",Real Madrid,4:0,Shakhtar Donetsk,64',3:0,Andriy Pyatov,https://www.transfermarkt.us/andriy-pyatov/elfmeterstatistik/spieler/39996
1,15/16,UEFA Champions League,Real Madrid,"Sep 15, 2015",Real Madrid,4:0,Shakhtar Donetsk,56',2:0,Andriy Pyatov,https://www.transfermarkt.us/andriy-pyatov/elfmeterstatistik/spieler/39996
1,15/16,LaLiga,Real Madrid,"Sep 12, 2015",RCD Espanyol Barcelona,0:6,Real Madrid,17',0:2,Pau López,https://www.transfermarkt.us/pau-lopez/elfmeterstatistik/spieler/286415
1,14/15,European Qualifiers,Portugal,"Jun 13, 2015",Armenia,2:3,Portugal,29',1:1,Roman Berezovskiy,https://www.transfermarkt.us/roman-berezovskiy/elfmeterstatistik/spieler/15670
1,14/15,LaLiga,Real Madrid,"May 23, 2015",Real Madrid,7:3,Getafe CF,34',3:2,Jordi Codina,https://www.transfermarkt.us/jordi-codina/elfmeterstatistik/spieler/35462
1,14/15,UEFA Champions League,Real Madrid,"May 13, 2015",Real Madrid,1:1,Juventus FC,23',1:0,Gianluigi Buffon,https://www.transfermarkt.us/gianluigi-buffon/elfmeterstatistik/spieler/5023
1,14/15,LaLiga,Real Madrid,"Mar 1, 2015",Real Madrid,1:1,Villarreal CF,52',1:0,Sergio Asenjo,https://www.transfermarkt.us/sergio-asenjo/elfmeterstatistik/spieler/51710
1,14/15,LaLiga,Real Madrid,"Jan 4, 2015",Valencia CF,2:1,Real Madrid,14',0:1,Diego Alves,https://www.transfermarkt.us/diego-alves/elfmeterstatistik/spieler/42373
1,14/15,UEFA Champions League,Real Madrid,"Dec 9, 2014",Real Madrid,4:0,Ludogorets Razgrad,20',1:0,Vladislav Stoyanov,https://www.transfermarkt.us/vladislav-stoyanov/elfmeterstatistik/spieler/81659
1,14/15,LaLiga,Real Madrid,"Dec 6, 2014",Real Madrid,3:0,Celta de Vigo,36',1:0,Sergio Álvarez,https://www.transfermarkt.us/sergio-alvarez/elfmeterstatistik/spieler/45912
1,14/15,LaLiga,Real Madrid,"Nov 22, 2014",SD Eibar,0:4,Real Madrid,83',0:4,Xabi Irureta,https://www.transfermarkt.us/xabi-irureta/elfmeterstatistik/spieler/89618
1,14/15,LaLiga,Real Madrid,"Oct 25, 2014",Real Madrid,3:1,FC Barcelona,35',1:1,Claudio Bravo,https://www.transfermarkt.us/claudio-bravo/elfmeterstatistik/spieler/40423
1,14/15,LaLiga,Real Madrid,"Oct 18, 2014",Levante UD,0:5,Real Madrid,13',0:1,Diego Mariño,https://www.transfermarkt.us/diego-marino/elfmeterstatistik/spieler/59349
1,14/15,UEFA Champions League,Real Madrid,"Oct 1, 2014",Ludogorets Razgrad,1:2,Real Madrid,25',1:1,Vladislav Stoyanov,https://www.transfermarkt.us/vladislav-stoyanov/elfmeterstatistik/spieler/81659
1,14/15,LaLiga,Real Madrid,"Sep 23, 2014",Real Madrid,5:1,Elche CF,80',4:1,Manu Herrera,https://www.transfermarkt.us/manu-herrera/elfmeterstatistik/spieler/59343
1,14/15,LaLiga,Real Madrid,"Sep 23, 2014",Real Madrid,5:1,Elche CF,28',2:1,Manu Herrera,https://www.transfermarkt.us/manu-herrera/elfmeterstatistik/spieler/59343
1,14/15,LaLiga,Real Madrid,"Sep 13, 2014",Real Madrid,1:2,Atlético de Madrid,25',1:1,Miguel Ángel Moyá,https://www.transfermarkt.us/miguel-angel-moya/elfmeterstatistik/spieler/26065
1,13/14,UEFA Champions League,Real Madrid,"May 24, 2014",Real Madrid,4:1,Atlético de Madrid,120',4:1,Thibaut Courtois,https://www.transfermarkt.us/thibaut-courtois/elfmeterstatistik/spieler/108390
1,13/14,LaLiga,Real Madrid,"Mar 23, 2014",Real Madrid,3:4,FC Barcelona,55',3:2,Víctor Valdés,https://www.transfermarkt.us/victor-valdes/elfmeterstatistik/spieler/7589
1,13/14,Copa del Rey,Real Madrid,"Feb 11, 2014",Atlético de Madrid,0:2,Real Madrid,15',0:2,Daniel Aranzubia,https://www.transfermarkt.us/daniel-aranzubia/elfmeterstatistik/spieler/7612
1,13/14,Copa del Rey,Real Madrid,"Feb 11, 2014",Atlético de Madrid,0:2,Real Madrid,6',0:1,Daniel Aranzubia,https://www.transfermarkt.us/daniel-aranzubia/elfmeterstatistik/spieler/7612
1,13/14,LaLiga,Real Madrid,"Nov 9, 2013",Real Madrid,5:1,Real Sociedad,27',3:0,Claudio Bravo,https://www.transfermarkt.us/claudio-bravo/elfmeterstatistik/spieler/40423
1,13/14,LaLiga,Real Madrid,"Oct 30, 2013",Real Madrid,7:3,Sevilla FC,31',3:0,Beto,https://www.transfermarkt.us/beto/elfmeterstatistik/spieler/35242
1,13/14,UEFA Champions League,Real Madrid,"Oct 23, 2013",Real Madrid,2:1,Juventus FC,29',2:1,Gianluigi Buffon,https://www.transfermarkt.us/gianluigi-buffon/elfmeterstatistik/spieler/5023
1,13/14,LaLiga,Real Madrid,"Oct 19, 2013",Real Madrid,2:0,Málaga CF,90',2:0,Willy Caballero,https://www.transfermarkt.us/willy-caballero/elfmeterstatistik/spieler/19948
1,13/14,LaLiga,Real Madrid,"Sep 25, 2013",Elche CF,1:2,Real Madrid,90',1:2,Manu Herrera,https://www.transfermarkt.us/manu-herrera/elfmeterstatistik/spieler/59343
1,13/14,LaLiga,Real Madrid,"Sep 22, 2013",Real Madrid,4:1,Getafe CF,34',2:1,Miguel Ángel Moyá,https://www.transfermarkt.us/miguel-angel-moya/elfmeterstatistik/spieler/26065
1,12/13,LaLiga,Real Madrid,"Mar 10, 2013",Celta de Vigo,1:2,Real Madrid,71',1:2,Javi Varas,https://www.transfermarkt.us/javi-varas/elfmeterstatistik/spieler/58341
1,12/13,Copa del Rey,Real Madrid,"Feb 26, 2013",FC Barcelona,1:3,Real Madrid,12',0:1,José Manuel Pinto,https://www.transfermarkt.us/jose-manuel-pinto/elfmeterstatistik/spieler/7537
1,12/13,LaLiga,Real Madrid,"Jan 27, 2013",Real Madrid,4:0,Getafe CF,72',4:0,Miguel Ángel Moyá,https://www.transfermarkt.us/miguel-angel-moya/elfmeterstatistik/spieler/26065
1,12/13,LaLiga,Real Madrid,"Oct 20, 2012",Real Madrid,2:0,Celta de Vigo,67',2:0,Sergio Álvarez,https://www.transfermarkt.us/sergio-alvarez/elfmeterstatistik/spieler/45912
1,12/13,LaLiga,Real Madrid,"Sep 30, 2012",Real Madrid,5:1,Deportivo de La Coruña,83',5:1,Daniel Aranzubia,https://www.transfermarkt.us/daniel-aranzubia/elfmeterstatistik/spieler/7612
1,12/13,LaLiga,Real Madrid,"Sep 30, 2012",Real Madrid,5:1,Deportivo de La Coruña,22',1:1,Daniel Aranzubia,https://www.transfermarkt.us/daniel-aranzubia/elfmeterstatistik/spieler/7612
1,12/13,LaLiga,Real Madrid,"Sep 24, 2012",Rayo Vallecano,0:2,Real Madrid,69',0:2,Rubén Martínez,https://www.transfermarkt.us/ruben-martinez/elfmeterstatistik/spieler/8184
1,11/12,LaLiga,Real Madrid,"May 5, 2012",Granada CF,1:2,Real Madrid,81',1:1,Júlio César,https://www.transfermarkt.us/julio-cesar/elfmeterstatistik/spieler/52647
1,11/12,UEFA Champions League,Real Madrid,"Apr 25, 2012",Real Madrid,3:4,Bayern Munich,6',1:0,Manuel Neuer,https://www.transfermarkt.us/manuel-neuer/elfmeterstatistik/spieler/17259
1,11/12,LaLiga,Real Madrid,"Apr 11, 2012",Atlético de Madrid,1:4,Real Madrid,82',1:3,Thibaut Courtois,https://www.transfermarkt.us/thibaut-courtois/elfmeterstatistik/spieler/108390
1,11/12,LaLiga,Real Madrid,"Feb 12, 2012",Real Madrid,4:2,Levante UD,45',1:1,Gustavo Munúa,https://www.transfermarkt.us/gustavo-munua/elfmeterstatistik/spieler/9091
1,11/12,LaLiga,Real Madrid,"Jan 22, 2012",Real Madrid,4:1,Athletic Bilbao,67',3:1,Gorka Iraizoz,https://www.transfermarkt.us/gorka-iraizoz/elfmeterstatistik/spieler/7874
1,11/12,LaLiga,Real Madrid,"Jan 22, 2012",Real Madrid,4:1,Athletic Bilbao,46',2:1,Gorka Iraizoz,https://www.transfermarkt.us/gorka-iraizoz/elfmeterstatistik/spieler/7874
1,11/12,LaLiga,Real Madrid,"Dec 17, 2011",Sevilla FC,2:6,Real Madrid,86',1:5,Javi Varas,https://www.transfermarkt.us/javi-varas/elfmeterstatistik/spieler/58341
1,11/12,LaLiga,Real Madrid,"Nov 26, 2011",Real Madrid,4:1,Atlético de Madrid,82',4:1,Sergio Asenjo,https://www.transfermarkt.us/sergio-asenjo/elfmeterstatistik/spieler/51710
1,11/12,LaLiga,Real Madrid,"Nov 26, 2011",Real Madrid,4:1,Atlético de Madrid,24',1:1,Sergio Asenjo,https://www.transfermarkt.us/sergio-asenjo/elfmeterstatistik/spieler/51710
1,11/12,LaLiga,Real Madrid,"Nov 6, 2011",Real Madrid,7:1,CA Osasuna,55',4:1,Andrés Fernández,https://www.transfermarkt.us/andres-fernandez/elfmeterstatistik/spieler/57522
1,11/12,UEFA Champions League,Real Madrid,"Nov 2, 2011",Olympique Lyon,0:2,Real Madrid,69',0:2,Hugo Lloris,https://www.transfermarkt.us/hugo-lloris/elfmeterstatistik/spieler/17965
1,11/12,LaLiga,Real Madrid,"Sep 24, 2011",Real Madrid,6:2,Rayo Vallecano,84',6:2,Dani Giménez,https://www.transfermarkt.us/dani-gimenez/elfmeterstatistik/spieler/71801
1,11/12,LaLiga,Real Madrid,"Sep 24, 2011",Real Madrid,6:2,Rayo Vallecano,51',3:1,Dani Giménez,https://www.transfermarkt.us/dani-gimenez/elfmeterstatistik/spieler/71801
1,11/12,LaLiga,Real Madrid,"Sep 10, 2011",Real Madrid,4:2,Getafe CF,59',2:1,Miguel Ángel Moyá,https://www.transfermarkt.us/miguel-angel-moya/elfmeterstatistik/spieler/26065
1,10/11,European Qualifiers,Portugal,"Sep 2, 2011",Cyprus,0:4,Portugal,35',0:1,Antonis Georgallidis,https://www.transfermarkt.us/antonis-georgallidis/elfmeterstatistik/spieler/28997
1,10/11,LaLiga,Real Madrid,"May 10, 2011",Real Madrid,4:0,Getafe CF,90',4:0,Óscar Ustari,https://www.transfermarkt.us/oscar-ustari/elfmeterstatistik/spieler/3755
1,10/11,LaLiga,Real Madrid,"Apr 16, 2011",Real Madrid,1:1,FC Barcelona,82',1:1,Víctor Valdés,https://www.transfermarkt.us/victor-valdes/elfmeterstatistik/spieler/7589
1,10/11,LaLiga,Real Madrid,"Mar 3, 2011",Real Madrid,7:0,Málaga CF,67',6:0,Willy Caballero,https://www.transfermarkt.us/willy-caballero/elfmeterstatistik/spieler/19948
1,10/11,LaLiga,Real Madrid,"Jan 3, 2011",Getafe CF,2:3,Real Madrid,11',0:1,Jordi Codina,https://www.transfermarkt.us/jordi-codina/elfmeterstatistik/spieler/35462
1,10/11,UEFA Champions League,Real Madrid,"Nov 23, 2010",Ajax Amsterdam,0:4,Real Madrid,81',0:4,Maarten Stekelenburg,https://www.transfermarkt.us/maarten-stekelenburg/elfmeterstatistik/spieler/4311
1,10/11,LaLiga,Real Madrid,"Nov 20, 2010",Real Madrid,5:1,Athletic Bilbao,90',5:1,Gorka Iraizoz,https://www.transfermarkt.us/gorka-iraizoz/elfmeterstatistik/spieler/7874
1,10/11,LaLiga,Real Madrid,"Oct 23, 2010",Real Madrid,6:1,Racing Santander,55',5:0,Toño,https://www.transfermarkt.us/tono/elfmeterstatistik/spieler/35536
1,10/11,LaLiga,Real Madrid,"Oct 16, 2010",Málaga CF,1:4,Real Madrid,50',0:3,Galatto,https://www.transfermarkt.us/galatto/elfmeterstatistik/spieler/52311
1,10/11,LaLiga,Real Madrid,"Sep 21, 2010",Real Madrid,3:0,RCD Espanyol Barcelona,28',1:0,Carlos Kameni,https://www.transfermarkt.us/carlos-kameni/elfmeterstatistik/spieler/7914
1,09/10,LaLiga,Real Madrid,"May 8, 2010",Real Madrid,5:1,Athletic Bilbao,21',1:0,Gorka Iraizoz,https://www.transfermarkt.us/gorka-iraizoz/elfmeterstatistik/spieler/7874
1,09/10,LaLiga,Real Madrid,"Apr 4, 2010",Racing Santander,0:2,Real Madrid,23',0:1,Fabio Coltorti,https://www.transfermarkt.us/fabio-coltorti/elfmeterstatistik/spieler/10250
1,09/10,LaLiga,Real Madrid,"Feb 27, 2010",CD Tenerife,1:5,Real Madrid,78',1:4,Sergio Aragoneses,https://www.transfermarkt.us/sergio-aragoneses/elfmeterstatistik/spieler/27492
1,09/10,LaLiga,Real Madrid,"Aug 29, 2009",Real Madrid,3:2,Deportivo de La Coruña,35',2:1,Daniel Aranzubia,https://www.transfermarkt.us/daniel-aranzubia/elfmeterstatistik/spieler/7612
1,08/09,Premier League,Manchester United,"Apr 25, 2009",Manchester United,5:2,Tottenham Hotspur,57',1:2,Heurelho Gomes,https://www.transfermarkt.us/heurelho-gomes/elfmeterstatistik/spieler/19059
1,08/09,Premier League,Manchester United,"Mar 14, 2009",Manchester United,1:4,Liverpool FC,22',1:0,Pepe Reina,https://www.transfermarkt.us/pepe-reina/elfmeterstatistik/spieler/7825
1,08/09,International Friendlies,Portugal,"Feb 11, 2009",Portugal,1:0,Finland,78',1:0,Niki Mäenpää,https://www.transfermarkt.us/niki-maenpaa/elfmeterstatistik/spieler/12359
1,08/09,Premier League,Manchester United,"Jan 31, 2009",Manchester United,1:0,Everton FC,43',1:0,Tim Howard,https://www.transfermarkt.us/tim-howard/elfmeterstatistik/spieler/4267
1,08/09,EFL Cup,Manchester United,"Jan 20, 2009",Manchester United,4:2,Derby County,89',4:1,Roy Carroll,https://www.transfermarkt.us/roy-carroll/elfmeterstatistik/spieler/3534
1,08/09,Premier League,Manchester United,"Sep 27, 2008",Manchester United,2:0,Bolton Wanderers,59',1:0,Jussi Jääskeläinen,https://www.transfermarkt.us/jussi-jaaskelainen/elfmeterstatistik/spieler/3692
1,07/08,Premier League,Manchester United,"May 11, 2008",Wigan Athletic,0:2,Manchester United,32',0:1,Chris Kirkland,https://www.transfermarkt.us/chris-kirkland/elfmeterstatistik/spieler/3219
1,07/08,Premier League,Manchester United,"Apr 13, 2008",Manchester United,2:1,Arsenal FC,53',1:1,Jens Lehmann,https://www.transfermarkt.us/jens-lehmann/elfmeterstatistik/spieler/122
1,07/08,FA Cup,Manchester United,"Jan 27, 2008",Manchester United,3:1,Tottenham Hotspur,69',2:1,Radek Cerny,https://www.transfermarkt.us/radek-cerny/elfmeterstatistik/spieler/21010
1,07/08,Premier League,Manchester United,"Dec 23, 2007",Manchester United,2:1,Everton FC,87',2:1,Tim Howard,https://www.transfermarkt.us/tim-howard/elfmeterstatistik/spieler/4267
1,07/08,Premier League,Manchester United,"Dec 8, 2007",Manchester United,4:1,Derby County,90',4:1,Stephen Bywater,https://www.transfermarkt.us/stephen-bywater/elfmeterstatistik/spieler/3873
1,07/08,UEFA Champions League,Manchester United,"Oct 23, 2007",Dynamo Kyiv,2:4,Manchester United,41',1:3,Oleksandr Shovkovskyi,https://www.transfermarkt.us/oleksandr-shovkovskyi/elfmeterstatistik/spieler/9775
1,06/07,Premier League,Manchester United,"May 5, 2007",Manchester City,0:1,Manchester United,34',0:1,Andreas Isaksson,https://www.transfermarkt.us/andreas-isaksson/elfmeterstatistik/spieler/6590
1,06/07,FA Cup,Manchester United,"Mar 19, 2007",Manchester United,1:0,Middlesbrough FC,76',1:0,Mark Schwarzer,https://www.transfermarkt.us/mark-schwarzer/elfmeterstatistik/spieler/3357
1,06/07,FA Cup,Manchester United,"Mar 10, 2007",Middlesbrough FC,2:2,Manchester United,68',2:2,Mark Schwarzer,https://www.transfermarkt.us/mark-schwarzer/elfmeterstatistik/spieler/3357
1,06/07,Premier League,Manchester United,"Feb 3, 2007",Tottenham Hotspur,0:4,Manchester United,45',0:1,Paul Robinson,https://www.transfermarkt.us/paul-robinson/elfmeterstatistik/spieler/3630
1,06/07,Premier League,Manchester United,"Jan 31, 2007",Manchester United,4:0,Watford FC,12',1:0,Richard Lee,https://www.transfermarkt.us/richard-lee/elfmeterstatistik/spieler/14040
1,05/06,World Cup 2006,Portugal,"Jun 17, 2006",Portugal,2:0,Iran,80',2:0,Ebrahim Mirzapour,https://www.transfermarkt.us/ebrahim-mirzapour/elfmeterstatistik/spieler/24645
0,21/22,FA Cup,Manchester United,"Feb 4, 2022",Manchester United,8:9,Middlesbrough FC,20',0:0,Joe Lumley,https://www.transfermarkt.us/joe-lumley/elfmeterstatistik/spieler/336367
0,20/21,World Cup qualification Europe,Portugal,"Sep 1, 2021",Portugal,2:1,Republic of Ireland,15',0:0,Gavin Bazunu,https://www.transfermarkt.us/gavin-bazunu/elfmeterstatistik/spieler/585550
0,20/21,Serie A,Juventus FC,"May 15, 2021",Juventus FC,3:2,Inter Milan,24',1:0,Samir Handanovic,https://www.transfermarkt.us/samir-handanovic/elfmeterstatistik/spieler/28021
0,20/21,Serie A,Juventus FC,"Dec 16, 2020",Juventus FC,1:1,Atalanta BC,61',1:1,Pierluigi Gollini,https://www.transfermarkt.us/pierluigi-gollini/elfmeterstatistik/spieler/244192
0,19/20,Serie A,Juventus FC,"Jul 26, 2020",Juventus FC,2:0,UC Sampdoria,89',2:0,Emil Audero,https://www.transfermarkt.us/emil-audero/elfmeterstatistik/spieler/256339
0,19/20,Italy Cup,Juventus FC,"Jun 12, 2020",Juventus FC,0:0,AC Milan,16',0:0,Gianluigi Donnarumma,https://www.transfermarkt.us/gianluigi-donnarumma/elfmeterstatistik/spieler/315858
0,18/19,Serie A,Juventus FC,"Jan 21, 2019",Juventus FC,3:0,Chievo Verona,52',2:0,Stefano Sorrentino,https://www.transfermarkt.us/stefano-sorrentino/elfmeterstatistik/spieler/21891
0,17/18,World Cup 2018,Portugal,"Jun 25, 2018",Iran,1:1,Portugal,53',0:1,Alireza Beiranvand,https://www.transfermarkt.us/alireza-beiranvand/elfmeterstatistik/spieler/229081
0,17/18,LaLiga,Real Madrid,"Nov 25, 2017",Real Madrid,3:2,Málaga CF,76',3:2,Roberto,https://www.transfermarkt.us/roberto/elfmeterstatistik/spieler/37403
0,16/17,LaLiga,Real Madrid,"Apr 29, 2017",Real Madrid,2:1,Valencia CF,57',1:0,Diego Alves,https://www.transfermarkt.us/diego-alves/elfmeterstatistik/spieler/42373
0,16/17,World Cup qualification Europe,Portugal,"Nov 13, 2016",Portugal,4:1,Latvia,59',1:0,Andris Vanins,https://www.transfermarkt.us/andris-vanins/elfmeterstatistik/spieler/15403
0,16/17,LaLiga,Real Madrid,"Oct 29, 2016",Deportivo Alavés,1:4,Real Madrid,79',1:2,Fernando Pacheco,https://www.transfermarkt.us/fernando-pacheco/elfmeterstatistik/spieler/172015
0,15/16,EURO 2016,Portugal,"Jun 18, 2016",Portugal,0:0,Austria,79',0:0,Robert Almer,https://www.transfermarkt.us/robert-almer/elfmeterstatistik/spieler/2950
0,15/16,International Friendlies,Portugal,"Mar 25, 2016",Portugal,0:1,Bulgaria,67',0:1,Vladislav Stoyanov,https://www.transfermarkt.us/vladislav-stoyanov/elfmeterstatistik/spieler/81659
0,15/16,LaLiga,Real Madrid,"Mar 20, 2016",Real Madrid,4:0,Sevilla FC,58',1:0,Sergio Rico,https://www.transfermarkt.us/sergio-rico/elfmeterstatistik/spieler/207302
0,15/16,LaLiga,Real Madrid,"Feb 21, 2016",Málaga CF,1:1,Real Madrid,36',0:1,Carlos Kameni,https://www.transfermarkt.us/carlos-kameni/elfmeterstatistik/spieler/7914
0,15/16,LaLiga,Real Madrid,"Dec 30, 2015",Real Madrid,3:1,Real Sociedad,24',0:0,Gerónimo Rulli,https://www.transfermarkt.us/geronimo-rulli/elfmeterstatistik/spieler/229604
0,14/15,LaLiga,Real Madrid,"May 9, 2015",Real Madrid,2:2,Valencia CF,45',0:2,Diego Alves,https://www.transfermarkt.us/diego-alves/elfmeterstatistik/spieler/42373
0,14/15,LaLiga,Real Madrid,"Apr 18, 2015",Real Madrid,3:1,Málaga CF,67',1:0,Carlos Kameni,https://www.transfermarkt.us/carlos-kameni/elfmeterstatistik/spieler/7914
0,14/15,UEFA Champions League,Real Madrid,"Oct 1, 2014",Ludogorets Razgrad,1:2,Real Madrid,10',1:0,Vladislav Stoyanov,https://www.transfermarkt.us/vladislav-stoyanov/elfmeterstatistik/spieler/81659
0,13/14,UEFA Champions League,Real Madrid,"Dec 10, 2013",FC Copenhagen,0:2,Real Madrid,90',0:2,Johan Sellberg-Wiland,https://www.transfermarkt.us/johan-sellberg-wiland/elfmeterstatistik/spieler/24404
0,12/13,LaLiga,Real Madrid,"May 8, 2013",Real Madrid,6:2,Málaga CF,22',1:1,Willy Caballero,https://www.transfermarkt.us/willy-caballero/elfmeterstatistik/spieler/19948
0,11/12,International Friendlies,Portugal,"Jun 2, 2012",Portugal,1:3,Turkey,65',1:2,Volkan Demirel,https://www.transfermarkt.us/volkan-demirel/elfmeterstatistik/spieler/7079
0,11/12,LaLiga,Real Madrid,"May 2, 2012",Athletic Bilbao,0:3,Real Madrid,12',0:0,Gorka Iraizoz,https://www.transfermarkt.us/gorka-iraizoz/elfmeterstatistik/spieler/7874
0,09/10,LaLiga,Real Madrid,"Dec 5, 2009",Real Madrid,4:2,UD Almería,82',3:2,Diego Alves,https://www.transfermarkt.us/diego-alves/elfmeterstatistik/spieler/42373
0,07/08,UEFA Champions League,Manchester United,"Apr 23, 2008",FC Barcelona,0:0,Manchester United,3',0:0,Víctor Valdés,https://www.transfermarkt.us/victor-valdes/elfmeterstatistik/spieler/7589
0,07/08,Premier League,Manchester United,"Dec 29, 2007",West Ham United,2:1,Manchester United,66',0:1,Rob Green,https://www.transfermarkt.us/rob-green/elfmeterstatistik/spieler/11680
0,06/07,Premier League,Manchester United,"Dec 26, 2006",Manchester United,3:1,Wigan Athletic,50',2:0,Chris Kirkland,https://www.transfermarkt.us/chris-kirkland/elfmeterstatistik/spieler/3219
0,06/07,International Friendlies,Portugal,"Sep 1, 2006",Denmark,4:2,Portugal,58',2:1,Thomas Sörensen,https://www.transfermarkt.us/thomas-sorensen/elfmeterstatistik/spieler/3473
